{
  "productName":"VendorSoluce",
  "tagline":"Vendor risk and supply-chain assurance, made operational.",
  "kicker":"ERMITS Ecosystem • VendorSoluce",
  "primaryCTA":{"label":"Start Vendor Intake","href":"https://app.vendorsoluce.com"},
  "secondaryCTA":{"label":"Request Demo","href":"/contact.html"},
  "appUrl":"https://app.vendorsoluce.com",
  "supportEmail":"contact@ermits.com",
  "domainRoot":"https://vendorsoluce.com",
  "accent":"#33691E",
  "accent2":"#5AA02C",
  "accentInk":"#08111F",
  "seo":{"title":"VendorSoluce — Vendor Risk Management and Supply-Chain Assurance",
         "description":"Standardize vendor intake, evidence collection, and risk decisions with audit-ready workflows."}
}